{
  "epoch": [
    1,
    2,
    3,
    4,
    5,
    6,
    7,
    8,
    9,
    10
  ],
  "train_loss": [
    0.8056087165934854,
    0.4677004484145064,
    0.3149682858354969,
    0.221009879725981,
    0.1478078923949368,
    0.10886485728362924,
    0.08780227889430169,
    0.07270926542869305,
    0.05786436596740735,
    0.05528855012181177
  ],
  "val_loss": [
    0.6352075087104706,
    0.503203578848154,
    0.538983339503249,
    0.5664211990351372,
    0.5316418192616882,
    0.5828194091928766,
    0.6004999104411678,
    0.5141169138431073,
    0.552474562692991,
    0.8148786030868267
  ]
}