{
  "baseline": {
    "ECE": 0.016860611317092957,
    "Brier": 0.0349913164973259
  },
  "temp_scaling": {
    "ECE": 0.019825578130895236,
    "Brier": 0.03499021753668785
  },
  "mc_dropout": {
    "ECE": 0.016860616432269562,
    "Brier": 0.0349913164973259
  },
  "tta": {
    "ECE": 0.027994608725041586,
    "Brier": 0.034869108349084854
  }
}