{
  "gaussian_noise_s1": {
    "AUROC": -0.009441307310823932,
    "AUPRC": -0.046850031018023874,
    "Sens@95Spec": 0.0,
    "F1_macro": -0.1472134818896763
  },
  "gaussian_noise_s2": {
    "AUROC": -0.03957997397165525,
    "AUPRC": -0.1641872799279851,
    "Sens@95Spec": 0.0,
    "F1_macro": -0.24074363676691302
  },
  "gaussian_noise_s3": {
    "AUROC": -0.14576200221476554,
    "AUPRC": -0.3550248683616582,
    "Sens@95Spec": 0.0,
    "F1_macro": -0.45414564172208266
  },
  "gaussian_blur_s1": {
    "AUROC": -0.06246258415090544,
    "AUPRC": -0.1777326908186735,
    "Sens@95Spec": 0.0,
    "F1_macro": -0.2870231234147
  },
  "gaussian_blur_s2": {
    "AUROC": -0.13003257389625222,
    "AUPRC": -0.36816352171251376,
    "Sens@95Spec": 0.0,
    "F1_macro": -0.49576491939727896
  },
  "gaussian_blur_s3": {
    "AUROC": -0.16941149489214102,
    "AUPRC": -0.42595299959671057,
    "Sens@95Spec": 0.0,
    "F1_macro": -0.5065617837392322
  },
  "jpeg_s1": {
    "AUROC": -0.0246412198456587,
    "AUPRC": -0.10459922735932004,
    "Sens@95Spec": 0.0,
    "F1_macro": -0.2142523404025521
  },
  "jpeg_s2": {
    "AUROC": -0.028920794722546828,
    "AUPRC": -0.1296830760460541,
    "Sens@95Spec": 0.0,
    "F1_macro": -0.2537987252705179
  },
  "jpeg_s3": {
    "AUROC": -0.04911978340004641,
    "AUPRC": -0.17493475637707878,
    "Sens@95Spec": 0.0,
    "F1_macro": -0.3013561693772163
  },
  "brightness_contrast_s1": {
    "AUROC": 0.0018445829454138973,
    "AUPRC": -0.010141385909958056,
    "Sens@95Spec": 0.0,
    "F1_macro": -0.030134702283041936
  },
  "brightness_contrast_s2": {
    "AUROC": -4.390914312890626e-05,
    "AUPRC": -0.024782050066669448,
    "Sens@95Spec": 0.0,
    "F1_macro": -0.04832056731612855
  },
  "brightness_contrast_s3": {
    "AUROC": -0.009666830289381756,
    "AUPRC": -0.07086075161251026,
    "Sens@95Spec": 0.0,
    "F1_macro": -0.10921310944161755
  }
}