{
  "ImageSize_Q1": {
    "AUROC": 3.9944343609987776e-05,
    "AUPRC": 0.00014269104263076038,
    "Sens@95Spec": 0.0,
    "F1_macro": 0.00043464473477949905
  },
  "Brightness_Q1": {
    "AUROC": 0.0028175374843828482,
    "AUPRC": 0.09490019860324839,
    "Sens@95Spec": 0.0,
    "F1_macro": 0.05479288805642868
  },
  "Brightness_Q2": {
    "AUROC": 0.01398520392378122,
    "AUPRC": 0.06786328931787333,
    "Sens@95Spec": 0.0,
    "F1_macro": -0.0041496425817997284
  },
  "Brightness_Q3": {
    "AUROC": 0.012433836617052663,
    "AUPRC": -0.02229685149268479,
    "Sens@95Spec": 0.0,
    "F1_macro": -0.05665359891116839
  },
  "Brightness_Q4": {
    "AUROC": -0.02198142338423137,
    "AUPRC": -0.1456839338892577,
    "Sens@95Spec": 0.0,
    "F1_macro": -0.09691844183472931
  }
}