{
  "color_cast": {
    "AUROC": -0.01560214098173518,
    "AUPRC": -0.06736008022297457,
    "Sens@95Spec": 0.0,
    "F1_macro": -0.13330835202017483
  },
  "down_up_sample": {
    "AUROC": -0.08006339583221023,
    "AUPRC": -0.23314956427929712,
    "Sens@95Spec": 0.0,
    "F1_macro": -0.3390669313452433
  }
}