{
  "ImageSize_Q1": {
    "AUROC": 0.9533537621239695,
    "AUPRC": 0.7271627934317861,
    "Sens@95Spec": 0.0,
    "F1_macro": 0.621350278121979
  },
  "Brightness_Q1": {
    "AUROC": 0.9561313552647424,
    "AUPRC": 0.8219203009924038,
    "Sens@95Spec": 0.0,
    "F1_macro": 0.6757085214436281
  },
  "Brightness_Q2": {
    "AUROC": 0.9672990217041407,
    "AUPRC": 0.7948833917070287,
    "Sens@95Spec": 0.0,
    "F1_macro": 0.6167659908053997
  },
  "Brightness_Q3": {
    "AUROC": 0.9657476543974122,
    "AUPRC": 0.7047232508964706,
    "Sens@95Spec": 0.0,
    "F1_macro": 0.5642620344760311
  },
  "Brightness_Q4": {
    "AUROC": 0.9313323943961281,
    "AUPRC": 0.5813361684998977,
    "Sens@95Spec": 0.0,
    "F1_macro": 0.5239971915524702
  }
}