{
  "AUROC": 0.9533138177803595,
  "AUPRC": 0.7270201023891554,
  "Sens@95Spec": 0.0,
  "F1_macro": 0.6209156333871995
}