{
  "color_cast": {
    "AUROC": 0.9377116767986243,
    "AUPRC": 0.6596600221661808,
    "Sens@95Spec": 0.0,
    "F1_macro": 0.48760728136702464
  },
  "down_up_sample": {
    "AUROC": 0.8732504219481493,
    "AUPRC": 0.49387053810985826,
    "Sens@95Spec": 0.0,
    "F1_macro": 0.28184870204195617
  }
}