{
  "gaussian_noise_s1": {
    "AUROC": 0.9438725104695356,
    "AUPRC": 0.6801700713711315,
    "Sens@95Spec": 0.0,
    "F1_macro": 0.47370215149752315
  },
  "gaussian_noise_s2": {
    "AUROC": 0.9137338438087043,
    "AUPRC": 0.5628328224611703,
    "Sens@95Spec": 0.0,
    "F1_macro": 0.38017199662028645
  },
  "gaussian_noise_s3": {
    "AUROC": 0.807551815565594,
    "AUPRC": 0.3719952340274972,
    "Sens@95Spec": 0.0,
    "F1_macro": 0.1667699916651168
  },
  "gaussian_blur_s1": {
    "AUROC": 0.8908512336294541,
    "AUPRC": 0.5492874115704819,
    "Sens@95Spec": 0.0,
    "F1_macro": 0.3338925099724995
  },
  "gaussian_blur_s2": {
    "AUROC": 0.8232812438841073,
    "AUPRC": 0.3588565806766416,
    "Sens@95Spec": 0.0,
    "F1_macro": 0.12515071398992048
  },
  "gaussian_blur_s3": {
    "AUROC": 0.7839023228882185,
    "AUPRC": 0.3010671027924448,
    "Sens@95Spec": 0.0,
    "F1_macro": 0.11435384964796728
  },
  "jpeg_s1": {
    "AUROC": 0.9286725979347008,
    "AUPRC": 0.6224208750298353,
    "Sens@95Spec": 0.0,
    "F1_macro": 0.4066632929846474
  },
  "jpeg_s2": {
    "AUROC": 0.9243930230578127,
    "AUPRC": 0.5973370263431013,
    "Sens@95Spec": 0.0,
    "F1_macro": 0.3671169081166816
  },
  "jpeg_s3": {
    "AUROC": 0.9041940343803131,
    "AUPRC": 0.5520853460120766,
    "Sens@95Spec": 0.0,
    "F1_macro": 0.31955946400998314
  },
  "brightness_contrast_s1": {
    "AUROC": 0.9551584007257734,
    "AUPRC": 0.7168787164791973,
    "Sens@95Spec": 0.0,
    "F1_macro": 0.5907809311041575
  },
  "brightness_contrast_s2": {
    "AUROC": 0.9532699086372306,
    "AUPRC": 0.7022380523224859,
    "Sens@95Spec": 0.0,
    "F1_macro": 0.5725950660710709
  },
  "brightness_contrast_s3": {
    "AUROC": 0.9436469874909778,
    "AUPRC": 0.6561593507766451,
    "Sens@95Spec": 0.0,
    "F1_macro": 0.5117025239455819
  }
}